,Model,R2 Score,Improvement (%)
0,Segmented (Weighted),0.8860831298576417,4.653609142457032
1,Advanced Stacked Ensemble,0.9473160951239422,11.885719310994618
