,Model,R2 Score,Improvement (%)
0,Segmented Models,0.9150529606224825,4.810700984903656
1,Stacked Model,0.9348199516162174,7.074823687710122
